Key,SourceString,Comment
"Hunteering","Hunteering",""
"objective_SecureIntel","Locate and retrieve the intel device.","Opsboard"
"objective_BeOnExtractionAtTheTimeLimit","Be on extraction at the time limit.","Opsboard"
"objective_OptionalEliminateAllOpposition","Optional: Eliminate All opposition.","Opsboard"
"summary_IntelRetrieved","Intel device retrieved.","AAR"
"summary_BeOnExtractionAtTheTimeLimit","Extracted successfully.","AAR"
"summary_OptionalKillAllOpposition","All players were eliminated.","AAR"
"summary_PlayersEliminated","All players were eliminated by bots.","AAR"
"summary_SpottersEliminated","Spotters from both teams have been eliminated.","AAR"
"summary_Team2Eliminated","Team 1 eliminated all other teams and bots.","AAR"
"summary_Team1Eliminated","Team 2 eliminated all other teams and bots.","AAR"
"summary_ReachedTimeLimit","Time limit was reached without any objectives completed.","AAR"
"missionsetting_playerteamup","Player Team up","Opsboard"
"missionsetting_playerteamup_0","No","Opsboard"
"missionsetting_playerteamup_1","Yes","Opsboard"
"missionsetting_allbotsagainstyou","Bot team up against you","Opsboard"
"missionsetting_allbotsagainstyou_0","No","Opsboard"
"missionsetting_allbotsagainstyou_1","Yes","Opsboard"
"missionsetting_searchtime","Laptop Hacking time (seconds)"
"missionsetting_exfiltime","Exfil window (minutes) from round end"
"missionsetting_displaysearchlocations","Display search locations"
"missionsetting_displaysearchlocations_0","Operator (0)"
"missionsetting_displaysearchlocations_1","First Timer (1)"
"missionsetting_displaysearchlocations_2","Rookie (2)"
"missionsetting_displaysearchlocations_3","Average (3)"
"missionsetting_displaysearchlocations_4","Hard (4)"
"missionsetting_displaysearchlocations_5","Expert (5)"
"missionsetting_proximityalert","Laptop proximity alert"
"missionsetting_proximityalert_0","No"
"missionsetting_proximityalert_1","Yes"
"gamemessage_TooEarly","You are too early for extraction. Leave extraction zone and enter at the correct time.",""
"gamemessage_PlayerTeamUp","Your remaining team members must all be present at the extraction point.",""
"gamemessage_LaptopDestroyed","The intel device has been lost. Its position has been reset.",""
"gamemessage_LaptopPickedUp","You picked up the intel device.",""
"intelretrieval_description","Investigate the marked locations to find the intel device. Search the device to confirm the presence of intel, then retrieve it to the marked extraction point. You can only extract during the alloted exfil period at the end of the round."
